{"cameraMode":{"drawMode":0,"name":"Shaded","section":"Shading Mode"},"sceneLighting":true,"audioPlay":false,"sceneViewState":{"m_AlwaysRefresh":false,"showFog":true,"showSkybox":true,"showFlares":true,"showImageEffects":true,"showParticleSystems":true,"showVisualEffectGraphs":true,"m_FxEnabled":true},"in2DMode":false,"pivot":{"x":447.49908447265627,"y":178.09451293945313,"z":514.701171875},"rotation":{"x":0.009897110052406788,"y":-0.009000185877084732,"z":0.00008530253398930654,"w":0.9999155402183533},"size":435.57733154296877,"orthographic":false}